continent,total_margin,orders_count,cities_covered
Asia,1167418.0572934553,75607,538
North_America,624166.6902109025,40583,2449
Europe,537378.2074983758,35010,3577
South_America,405336.30007448216,26227,735
Oceania,63831.12190963864,4231,385
Africa,3681.268111222198,268,35
