source,target,value
cancel,cart,0.2528134723853762
cancel,product,0.49059784606831247
cancel,department,0.2565886815463113
cart,product,0.541360685198256
cart,department,0.27210199882863534
cart,cancel,0.18653731597310866
department,cart,0.24228439719552625
department,product,0.6362764061714669
department,cancel,0.1214391966330069
product,cart,0.4297656019570762
product,department,0.3955792286205042
product,cancel,0.17465516942241963
