traffic_source,absolute_margin,percentage
Search,1958799.2568101634,69.91188220083212
Organic,423738.8618559109,15.123745473656856
Facebook,166737.32448510145,5.951054018096384
Email,137430.8504799038,4.905071000056219
Display,115105.35146699609,4.10824730735841
